{
    "root_group": {
        "checks": {},
        "name": "",
        "path": "",
        "id": "d41d8cd98f00b204e9800998ecf8427e",
        "groups": {}
    },
    "metrics": {
        "http_req_tls_handshaking": {
            "avg": 0,
            "min": 0,
            "med": 0,
            "max": 0,
            "p(90)": 0,
            "p(95)": 0
        },
        "http_req_duration{expected_response:true}": {
            "max": 19.189078,
            "p(90)": 1.598016,
            "p(95)": 2.0809432499999967,
            "avg": 1.036783206375542,
            "min": 0.503468,
            "med": 0.777875
        },
        "iteration_duration": {
            "min": 1000.745833,
            "med": 1001.6445075,
            "max": 1020.423555,
            "p(90)": 1002.519638,
            "p(95)": 1003.0819669,
            "avg": 1001.8061375496902
        },
        "data_sent": {
            "count": 927450,
            "rate": 6165.6531600039825
        },
        "http_req_sending": {
            "min": 0.01073,
            "med": 0.0216,
            "max": 2.87026,
            "p(90)": 0.04699190000000002,
            "p(95)": 0.05969254999999998,
            "avg": 0.03033537388646276
        },
        "vus": {
            "value": 4,
            "min": 1,
            "max": 199
        },
        "http_req_connecting": {
            "p(90)": 0.20307920000000002,
            "p(95)": 0.297637,
            "avg": 0.14668588008733618,
            "min": 0.057116,
            "med": 0.115295,
            "max": 6.890852
        },
        "http_req_receiving": {
            "avg": 0.12804825336244618,
            "min": 0.02147,
            "med": 0.076564,
            "max": 4.732392,
            "p(90)": 0.20958710000000003,
            "p(95)": 0.3622588999999998
        },
        "vus_max": {
            "value": 200,
            "min": 200,
            "max": 200
        },
        "iterations": {
            "count": 11450,
            "rate": 76.11917481486398
        },
        "http_req_failed": {
            "passes": 0,
            "fails": 11450,
            "value": 0
        },
        "data_received": {
            "count": 2209850,
            "rate": 14691.000739268748
        },
        "http_reqs": {
            "count": 11450,
            "rate": 76.11917481486398
        },
        "http_req_duration": {
            "avg": 1.036783206375542,
            "min": 0.503468,
            "med": 0.777875,
            "max": 19.189078,
            "p(90)": 1.598016,
            "p(95)": 2.0809432499999967
        },
        "http_req_blocked": {
            "min": 0.071844,
            "med": 0.14633649999999998,
            "max": 6.967225,
            "p(90)": 0.2561905,
            "p(95)": 0.34618554999999984,
            "avg": 0.18413662995633098
        },
        "http_req_waiting": {
            "p(95)": 1.7817534499999994,
            "avg": 0.8783995791266367,
            "min": 0.410816,
            "med": 0.649083,
            "max": 18.456862,
            "p(90)": 1.3577649000000003
        }
    }
}