{
    "root_group": {
        "path": "",
        "id": "d41d8cd98f00b204e9800998ecf8427e",
        "groups": {},
        "checks": {},
        "name": ""
    },
    "metrics": {
        "data_sent": {
            "count": 291600,
            "rate": 1615.685157331506
        },
        "http_req_failed": {
            "passes": 0,
            "fails": 3600,
            "value": 0
        },
        "vus_max": {
            "min": 20,
            "max": 20,
            "value": 20
        },
        "data_received": {
            "count": 694800,
            "rate": 3849.7189551232177
        },
        "iteration_duration": {
            "max": 1018.810749,
            "p(90)": 1004.2664165,
            "p(95)": 1005.49621915,
            "avg": 1002.5968816552783,
            "min": 1000.747118,
            "med": 1002.0704245
        },
        "vus": {
            "max": 20,
            "value": 20,
            "min": 20
        },
        "http_req_receiving": {
            "avg": 0.283806768611112,
            "min": 0.032821,
            "med": 0.1417855,
            "max": 5.060854,
            "p(90)": 0.7755223,
            "p(95)": 1.0140990999999997
        },
        "http_reqs": {
            "count": 3600,
            "rate": 19.946730337426
        },
        "http_req_duration{expected_response:true}": {
            "p(95)": 4.691235599999994,
            "avg": 1.9423723447222188,
            "min": 0.49775,
            "med": 1.4697900000000002,
            "max": 18.211407,
            "p(90)": 3.4805446
        },
        "http_req_blocked": {
            "p(95)": 0.4324427999999995,
            "avg": 0.2074143611111108,
            "min": 0.0748,
            "med": 0.1451945,
            "max": 6.585227,
            "p(90)": 0.2941795
        },
        "http_req_connecting": {
            "avg": 0.16267273138888924,
            "min": 0.051676,
            "med": 0.1090985,
            "max": 5.803328,
            "p(90)": 0.240356,
            "p(95)": 0.3520703999999987
        },
        "http_req_tls_handshaking": {
            "min": 0,
            "med": 0,
            "max": 0,
            "p(90)": 0,
            "p(95)": 0,
            "avg": 0
        },
        "http_req_sending": {
            "min": 0.01052,
            "med": 0.020879,
            "max": 2.826897,
            "p(90)": 0.052238,
            "p(95)": 0.0691295,
            "avg": 0.03578579472222215
        },
        "http_req_duration": {
            "avg": 1.9423723447222188,
            "min": 0.49775,
            "med": 1.4697900000000002,
            "max": 18.211407,
            "p(90)": 3.4805446,
            "p(95)": 4.691235599999994
        },
        "iterations": {
            "count": 3600,
            "rate": 19.946730337426
        },
        "http_req_waiting": {
            "med": 1.1969675,
            "max": 18.016084,
            "p(90)": 2.9678302999999993,
            "p(95)": 4.237587799999996,
            "avg": 1.6227797813888907,
            "min": 0.402942
        }
    }
}