{
    "root_group": {
        "checks": {},
        "name": "",
        "path": "",
        "id": "d41d8cd98f00b204e9800998ecf8427e",
        "groups": {}
    },
    "metrics": {
        "http_req_tls_handshaking": {
            "avg": 0,
            "min": 0,
            "med": 0,
            "max": 0,
            "p(90)": 0,
            "p(95)": 0
        },
        "http_req_duration": {
            "avg": 1.9301196899999993,
            "min": 0.495885,
            "med": 1.3939395,
            "max": 6.137912,
            "p(90)": 4.067909600000001,
            "p(95)": 4.82093175
        },
        "http_req_blocked": {
            "avg": 0.25053076999999996,
            "min": 0.091357,
            "med": 0.1861805,
            "max": 1.907889,
            "p(90)": 0.38377630000000007,
            "p(95)": 0.49175029999999975
        },
        "http_reqs": {
            "count": 100,
            "rate": 4.98520251112579
        },
        "vus": {
            "value": 5,
            "min": 5,
            "max": 5
        },
        "vus_max": {
            "value": 5,
            "min": 5,
            "max": 5
        },
        "http_req_connecting": {
            "min": 0.064641,
            "med": 0.13426,
            "max": 1.854877,
            "p(90)": 0.30598000000000014,
            "p(95)": 0.3803808999999999,
            "avg": 0.18282913999999992
        },
        "http_req_waiting": {
            "p(95)": 4.6385403,
            "avg": 1.6545765000000003,
            "min": 0.422879,
            "med": 1.219894,
            "max": 5.878007,
            "p(90)": 3.945263
        },
        "http_req_receiving": {
            "p(95)": 0.7104894499999995,
            "avg": 0.21884266999999993,
            "min": 0.038452,
            "med": 0.1148845,
            "max": 1.680232,
            "p(90)": 0.5661337000000007
        },
        "data_received": {
            "count": 19300,
            "rate": 962.1440846472774
        },
        "http_req_sending": {
            "p(90)": 0.0715981,
            "p(95)": 0.08369344999999996,
            "avg": 0.056700520000000004,
            "min": 0.014447,
            "med": 0.032736,
            "max": 1.741499
        },
        "http_req_failed": {
            "passes": 0,
            "fails": 100,
            "value": 0
        },
        "iterations": {
            "count": 100,
            "rate": 4.98520251112579
        },
        "iteration_duration": {
            "avg": 1002.7681263300007,
            "min": 1000.821176,
            "med": 1002.2343215,
            "max": 1007.707911,
            "p(90)": 1005.1497649,
            "p(95)": 1006.0735244
        },
        "http_req_duration{expected_response:true}": {
            "p(90)": 4.067909600000001,
            "p(95)": 4.82093175,
            "avg": 1.9301196899999993,
            "min": 0.495885,
            "med": 1.3939395,
            "max": 6.137912
        },
        "data_sent": {
            "count": 8100,
            "rate": 403.80140340118896
        }
    }
}