{
    "metrics": {
        "http_req_failed": {
            "passes": 0,
            "fails": 3222,
            "value": 0
        },
        "http_req_waiting": {
            "p(90)": 1.0412519,
            "p(95)": 1.2927360999999997,
            "avg": 0.6849217392923642,
            "min": 0.430833,
            "med": 0.5564020000000001,
            "max": 6.372727
        },
        "http_req_receiving": {
            "min": 0.023383,
            "med": 0.070267,
            "max": 2.877805,
            "p(90)": 0.1292134,
            "p(95)": 0.18233149999999998,
            "avg": 0.0929252693978896
        },
        "http_req_duration{expected_response:true}": {
            "avg": 0.8068344711359413,
            "min": 0.523776,
            "med": 0.6606715000000001,
            "max": 6.486048,
            "p(90)": 1.2315148,
            "p(95)": 1.475181699999999
        },
        "http_req_sending": {
            "p(90)": 0.042715100000000006,
            "p(95)": 0.052417,
            "avg": 0.028987462445685994,
            "min": 0.01069,
            "med": 0.02154,
            "max": 1.074483
        },
        "vus_max": {
            "value": 200,
            "min": 200,
            "max": 200
        },
        "http_req_duration": {
            "max": 6.486048,
            "p(90)": 1.2315148,
            "p(95)": 1.475181699999999,
            "avg": 0.8068344711359413,
            "min": 0.523776,
            "med": 0.6606715000000001
        },
        "http_req_blocked": {
            "avg": 0.1708596154562387,
            "min": 0.082764,
            "med": 0.140131,
            "max": 3.88972,
            "p(90)": 0.2244477000000001,
            "p(95)": 0.30995029999999996
        },
        "data_received": {
            "count": 621846,
            "rate": 12348.205274953187
        },
        "iterations": {
            "count": 3222,
            "rate": 63.98033821219268
        },
        "http_req_tls_handshaking": {
            "avg": 0,
            "min": 0,
            "med": 0,
            "max": 0,
            "p(90)": 0,
            "p(95)": 0
        },
        "iteration_duration": {
            "max": 1011.649213,
            "p(90)": 1002.1384171999999,
            "p(95)": 1002.5130838,
            "avg": 1001.6034996638737,
            "min": 1000.757788,
            "med": 1001.5291995
        },
        "http_reqs": {
            "count": 3222,
            "rate": 63.98033821219268
        },
        "data_sent": {
            "count": 260982,
            "rate": 5182.407395187607
        },
        "vus": {
            "value": 11,
            "min": 1,
            "max": 198
        },
        "http_req_connecting": {
            "p(95)": 0.2624937499999998,
            "avg": 0.1385897687771571,
            "min": 0.061397,
            "med": 0.1124445,
            "max": 3.861257,
            "p(90)": 0.1785575000000001
        }
    },
    "root_group": {
        "checks": {},
        "name": "",
        "path": "",
        "id": "d41d8cd98f00b204e9800998ecf8427e",
        "groups": {}
    }
}