{
    "root_group": {
        "checks": {},
        "name": "",
        "path": "",
        "id": "d41d8cd98f00b204e9800998ecf8427e",
        "groups": {}
    },
    "metrics": {
        "data_sent": {
            "count": 231093,
            "rate": 1911.3362766077685
        },
        "data_received": {
            "rate": 4554.1716220407325,
            "count": 550629
        },
        "http_reqs": {
            "count": 2853,
            "rate": 23.59674415565146
        },
        "iterations": {
            "count": 2853,
            "rate": 23.59674415565146
        },
        "http_req_blocked": {
            "avg": 0.20848701752541207,
            "min": 0.081201,
            "med": 0.167422,
            "max": 6.827857,
            "p(90)": 0.259299,
            "p(95)": 0.34278840000000005
        },
        "http_req_tls_handshaking": {
            "avg": 0,
            "min": 0,
            "med": 0,
            "max": 0,
            "p(90)": 0,
            "p(95)": 0
        },
        "iteration_duration": {
            "avg": 1001.8742530893782,
            "min": 1000.786421,
            "med": 1001.743044,
            "max": 1015.151942,
            "p(90)": 1002.528334,
            "p(95)": 1002.9704094
        },
        "vus": {
            "value": 12,
            "min": 1,
            "max": 50
        },
        "http_req_connecting": {
            "avg": 0.16349972765510012,
            "min": 0.057557,
            "med": 0.126746,
            "max": 6.794686,
            "p(90)": 0.19570920000000003,
            "p(95)": 0.28982800000000003
        },
        "vus_max": {
            "value": 50,
            "min": 50,
            "max": 50
        },
        "http_req_receiving": {
            "med": 0.080838,
            "max": 3.941788,
            "p(90)": 0.1638098000000001,
            "p(95)": 0.24061000000000002,
            "avg": 0.1136364283210657,
            "min": 0.024125
        },
        "http_req_failed": {
            "passes": 0,
            "fails": 2853,
            "value": 0
        },
        "http_req_duration": {
            "p(95)": 1.9536340000000003,
            "avg": 1.0363789635471439,
            "min": 0.529286,
            "med": 0.898575,
            "max": 8.552142,
            "p(90)": 1.5485808000000005
        },
        "http_req_duration{expected_response:true}": {
            "med": 0.898575,
            "max": 8.552142,
            "p(90)": 1.5485808000000005,
            "p(95)": 1.9536340000000003,
            "avg": 1.0363789635471439,
            "min": 0.529286
        },
        "http_req_waiting": {
            "avg": 0.8894763059936909,
            "min": 0.440171,
            "med": 0.770168,
            "max": 8.253695,
            "p(90)": 1.3134746000000002,
            "p(95)": 1.6744486000000003
        },
        "http_req_sending": {
            "avg": 0.03326622923238696,
            "min": 0.012393,
            "med": 0.02663,
            "max": 0.986211,
            "p(90)": 0.04903100000000002,
            "p(95)": 0.06037860000000001
        }
    }
}